Neighborhood,Neighborhood Latitude,Neighborhood Longitude,Venue,Venue Latitude,Venue Longitude,Venue Category
Adambakkam,12.9822215,80.209121,Domino's Pizza,12.984,80.215,Pizza Place
Adambakkam,12.9822215,80.209121,Pizza Empire,12.984230748212887,80.21798433787713,Pizza Place
Adambakkam,12.9822215,80.209121,Mast Kalandar,12.98471496807116,80.21782093240705,Indian Restaurant
Adambakkam,12.9822215,80.209121,Deepam Restaurant,12.985379742996784,80.20528135061485,Indian Restaurant
Adambakkam,12.9822215,80.209121,simran Aapa Kadai,12.98104344608113,80.2181556862719,Indian Restaurant
Adambakkam,12.9822215,80.209121,Chapathi & Chat Shops,12.982198304421978,80.20159865537279,Indian Restaurant
Adyar,13.00645,80.2577791,Bombay Brassiere,13.006961450666138,80.25641939452001,North Indian Restaurant
Adyar,13.00645,80.2577791,Prems Graama Bhojanam,13.006344895307679,80.2539954160924,Vegetarian / Vegan Restaurant
Adyar,13.00645,80.2577791,McDonald's,13.006631783534758,80.2542552185744,Fast Food Restaurant
Adyar,13.00645,80.2577791,Daawat The Kebab Shop,13.00668911589816,80.25372793770875,North Indian Restaurant
Adyar,13.00645,80.2577791,Adyar Ananda Bhavan,13.00582370030815,80.2573684880796,Indian Restaurant
Adyar,13.00645,80.2577791,That Madras Place,13.00584830522187,80.25072615295251,Café
Adyar,13.00645,80.2577791,Anjappar,13.006756744504177,80.25071256987829,Indian Restaurant
Adyar,13.00645,80.2577791,Hotel Coronet,13.006548088295787,80.2573068994183,Indian Restaurant
Adyar,13.00645,80.2577791,Gangotree,13.007435220291622,80.2583609137314,Snack Place
Adyar,13.00645,80.2577791,Rainforest Restaurant,13.006992527660863,80.25776728989136,Indian Restaurant
Adyar,13.00645,80.2577791,Domino's Pizza,13.002,80.254,Pizza Place
Adyar,13.00645,80.2577791,Wonton,13.005046827518763,80.25169039027142,Chinese Restaurant
Adyar,13.00645,80.2577791,Zha Cafe,12.999730479462121,80.25480597391359,Café
Adyar,13.00645,80.2577791,Daawat Restaurant,13.006570996757917,80.25341956379276,Italian Restaurant
Adyar,13.00645,80.2577791,Sigree,13.00653007945677,80.25443033524475,Indian Restaurant
Adyar,13.00645,80.2577791,Buhari Hotel,13.004564601004525,80.25463753790439,Indian Restaurant
Adyar,13.00645,80.2577791,Azzuri Bay,13.011110471263487,80.25392238994345,Mediterranean Restaurant
Adyar,13.00645,80.2577791,Esthel Hotel,13.007224978150491,80.2596531577827,Indian Restaurant
Adyar,13.00645,80.2577791,Crimson Chakra,13.011109449168732,80.25389434385666,Indian Restaurant
Adyar,13.00645,80.2577791,Domino's Pizza,13.001469705712758,80.25662635633039,Pizza Place
Adyar,13.00645,80.2577791,Kumarakom,13.007008857040628,80.25394457447048,Asian Restaurant
Adyar,13.00645,80.2577791,Hotel Crescent,13.005643213332624,80.25741273696315,Indian Restaurant
Adyar,13.00645,80.2577791,Hotel runs,13.006580827870875,80.25514207285457,Indian Restaurant
Adyar,13.00645,80.2577791,Grand Sweets & Snacks,13.000949514688307,80.26120335706521,Diner
Adyar,13.00645,80.2577791,Kozhi Idli,13.00991502008927,80.25189506980747,Comfort Food Restaurant
Adyar,13.00645,80.2577791,Sangeetha Restaurant,13.00684739911933,80.24999936522953,Indian Restaurant
Adyar,13.00645,80.2577791,Animal Kingdom,13.007603066723602,80.25839904532378,Indian Restaurant
Adyar,13.00645,80.2577791,Vasantha Bhavan,13.000443895481602,80.25637439066466,Indian Restaurant
Adyar,13.00645,80.2577791,Subway,12.999040220196976,80.25474258457722,Sandwich Place
Adyar,13.00645,80.2577791,Cafe Coffee Day,12.99986236412223,80.25196294038211,Café
Adyar,13.00645,80.2577791,Adyar Bakery,13.006559867171928,80.25562204714883,Bakery
Adyar,13.00645,80.2577791,Flower Drum,13.007445,80.258136,Vegetarian / Vegan Restaurant
Adyar,13.00645,80.2577791,Hot Breads,13.007439443550071,80.25670494452243,Bakery
Adyar,13.00645,80.2577791,Pizza Corner Adyar,13.00565866455568,80.25713812524188,Pizza Place
Adyar,13.00645,80.2577791,Pizza Corner,13.005546,80.25739,Pizza Place
Adyar,13.00645,80.2577791,Munveedu - Native Fine Dining,13.009591133809183,80.25389313697815,Indian Restaurant
Adyar,13.00645,80.2577791,Rotiwala (A Unit of Indian Chat Corner),13.001043817022811,80.25800649198544,Fast Food Restaurant
Adyar,13.00645,80.2577791,The French Loaf,13.005395440321742,80.25501480851567,Bakery
Adyar,13.00645,80.2577791,Krishnavillasam,13.004746049327878,80.25460102778386,South Indian Restaurant
Adyar,13.00645,80.2577791,Buharis Elite,13.004558242237616,80.2547044731561,Indian Restaurant
Adyar,13.00645,80.2577791,Jalpaan,13.006505142131767,80.25406746543892,Indian Restaurant
Adyar,13.00645,80.2577791,Federal Bakery,13.00223676560947,80.25954448657995,Bakery
Adyar,13.00645,80.2577791,Suren Khan,13.002050411758427,80.25650113580718,Indian Restaurant
Adyar,13.00645,80.2577791,Pizza Hut,13.005297644933258,80.251625185658,Pizza Place
Adyar,13.00645,80.2577791,The Soup and Salad Cafe,13.002304038109745,80.2546826951935,Café
Adyar,13.00645,80.2577791,Hamsa,13.009612,80.252754,Indian Restaurant
Adyar,13.00645,80.2577791,The 1 KG Shop,13.000979830566335,80.2598602483823,Food Court
Adyar,13.00645,80.2577791,Hotel Adyar Sree Bhavan,13.000714502382937,80.2563813594815,Restaurant
Adyar,13.00645,80.2577791,Topsee Restaurant,12.998767338733213,80.2561052485259,Indian Restaurant
Adyar,13.00645,80.2577791,SriLakshmi Sagar Hotel,12.999778903085529,80.25483695561391,Indian Restaurant
Adyar,13.00645,80.2577791,Sanjeevanam,12.999562416747187,80.25476980701039,Indian Restaurant
Adyar,13.00645,80.2577791,Sangeeta Veg,13.00659992447782,80.24949938104565,Indian Restaurant
Adyar,13.00645,80.2577791,Dosa Calling,12.999916274813744,80.25188684463501,Indian Restaurant
Alwarthirunagar,13.047486,80.1836687,KFC,13.044008392295565,80.18408915016029,Fast Food Restaurant
Alwarthirunagar,13.047486,80.1836687,Domino's Pizza,13.043,80.184,Pizza Place
Alwarthirunagar,13.047486,80.1836687,Cafe Coffee Day,13.044449629599487,80.18588003936479,Café
Alwarthirunagar,13.047486,80.1836687,McDonald's,13.042670423841692,80.18173755025964,Fast Food Restaurant
Alwarthirunagar,13.047486,80.1836687,Anjappar Restaurant,13.043469102286622,80.18621322524487,Indian Restaurant
Alwarthirunagar,13.047486,80.1836687,The Cascade,13.047210961314436,80.1892255957113,Chinese Restaurant
Alwarthirunagar,13.047486,80.1836687,Gama Gamaa,13.041966345668676,80.1766294054024,Indian Restaurant
Alwarthirunagar,13.047486,80.1836687,New Andhra Meals,13.04190032335137,80.17894861942068,Indian Restaurant
Alwarthirunagar,13.047486,80.1836687,Hot Chips,13.042008512445825,80.17964718341746,Vegetarian / Vegan Restaurant
Alwarthirunagar,13.047486,80.1836687,Pizza Corner,13.047086961070574,80.18915476281518,Pizza Place
Alwarthirunagar,13.047486,80.1836687,Hotel Junior Kuppanna - Chandra Metro Mall,13.046850796472519,80.19050057778873,Chettinad Restaurant
Alwarthirunagar,13.047486,80.1836687,Chick Punch,13.046542855994057,80.19064768987961,Burger Joint
Alwarthirunagar,13.047486,80.1836687,Kootanchoru - Vegetarian Restaurant,13.046393733544479,80.1908547360964,Indian Restaurant
Alwarthirunagar,13.047486,80.1836687,Nalas Aappakadai,13.046541405912686,80.19133965816432,Indian Restaurant
Anna Nagar,13.0872004,80.2164421,Cream Centre,13.090306306504191,80.2163174087344,Vegetarian / Vegan Restaurant
Anna Nagar,13.0872004,80.2164421,Coco Jaunt,13.09031815395156,80.2174998313336,Café
Anna Nagar,13.0872004,80.2164421,Savoury Sea Shell,13.087539008843267,80.2181757062574,Middle Eastern Restaurant
Anna Nagar,13.0872004,80.2164421,Murugan Idly Shop,13.082277193707585,80.21433116077928,South Indian Restaurant
Anna Nagar,13.0872004,80.2164421,Kumarakom,13.090401733917103,80.21270073543928,Indian Restaurant
Anna Nagar,13.0872004,80.2164421,Pantry D'Or,13.092121861671432,80.21889259135332,Café
Anna Nagar,13.0872004,80.2164421,Subway,13.082454635954866,80.2109266216941,Sandwich Place
Anna Nagar,13.0872004,80.2164421,Al Maza,13.08380761957381,80.2205073358211,Indian Restaurant
Anna Nagar,13.0872004,80.2164421,Kimling Restaurant,13.08481623756076,80.21259874156041,Chinese Restaurant
Anna Nagar,13.0872004,80.2164421,Junior Kuppanna,13.087695911525818,80.21807148730474,Indian Restaurant
Anna Nagar,13.0872004,80.2164421,Shankar Chat Bhandar,13.086592572118786,80.21025280315361,Snack Place
Anna Nagar,13.0872004,80.2164421,Quality Fast Food,13.090325720372595,80.21860578478403,Fast Food Restaurant
Anna Nagar,13.0872004,80.2164421,Bakers Cottage,13.092298823329665,80.21567951356258,Bakery
Anna Nagar,13.0872004,80.2164421,French Loaf,13.088752111676639,80.21276376708472,Bakery
Anna Nagar,13.0872004,80.2164421,The Cascade,13.084094261511387,80.21009875846887,Chinese Restaurant
Anna Nagar,13.0872004,80.2164421,Wangs Kitchen,13.087374079805704,80.21788629463273,Chinese Restaurant
Anna Nagar,13.0872004,80.2164421,Shaack,13.084526573611772,80.22288663536034,Restaurant
Anna Nagar,13.0872004,80.2164421,amala mess,13.085721994201617,80.20853259195002,Fast Food Restaurant
Anna Nagar,13.0872004,80.2164421,A2B Restaurant Chinthamani,13.084274724902833,80.22470547763434,Indian Restaurant
Anna Nagar,13.0872004,80.2164421,4 Seasons Restaurant,13.084709324476217,80.21516870878847,Asian Restaurant
Anna Nagar,13.0872004,80.2164421,McDonald's,13.084761870949848,80.21714495139875,Fast Food Restaurant
Anna Nagar,13.0872004,80.2164421,Double Roti,13.08229015580582,80.21273314287771,Burger Joint
Anna Nagar,13.0872004,80.2164421,Domino's Pizza,13.090410008081266,80.21842745344286,Pizza Place
Anna Nagar,13.0872004,80.2164421,Karthick Tiffin Center,13.082098550055784,80.20960667994244,Indian Restaurant
Anna Nagar,13.0872004,80.2164421,Jack 'N' Jill,13.092006463407827,80.21038781013196,Fast Food Restaurant
Anna Nagar,13.0872004,80.2164421,Kettle,13.084229934935143,80.20798818748301,American Restaurant
Anna Nagar,13.0872004,80.2164421,Al-Kebabish,13.08524831423748,80.22496690508031,Restaurant
Anna Nagar,13.0872004,80.2164421,Dindugal Thalapakatti,13.082505406456862,80.2095522061275,Indian Restaurant
Anna Nagar,13.0872004,80.2164421,The Brick House Bistro,13.090531,80.215706,Bistro
Anna Nagar,13.0872004,80.2164421,Falafel,13.082593160249305,80.21069677142084,BBQ Joint
Anna Nagar,13.0872004,80.2164421,Nalas Appakadai,13.088268490386481,80.21799072379885,Indian Restaurant
Anna Nagar,13.0872004,80.2164421,Buhari Hotel,13.084096545356847,80.22457719075993,Indian Restaurant
Anna Nagar,13.0872004,80.2164421,Sree Akshayam,13.082522137773958,80.20866511607517,Vegetarian / Vegan Restaurant
Anna Nagar,13.0872004,80.2164421,Wonton,13.082519308582606,80.21803581016984,Chinese Restaurant
Anna Nagar,13.0872004,80.2164421,Gangotree Sweets and Snacks,13.0822939271415,80.21501753889085,Vegetarian / Vegan Restaurant
Anna Nagar,13.0872004,80.2164421,Nalas Aappa Kadai,13.088220243824633,80.21801505803249,Indian Restaurant
Anna Nagar,13.0872004,80.2164421,Saravana Bhavan,13.085040465835968,80.21034251172765,Vegetarian / Vegan Restaurant
Anna Nagar,13.0872004,80.2164421,Vasanta Bhavan,13.082506263816475,80.21784113845455,Indian Restaurant
Anna Nagar,13.0872004,80.2164421,Latte,13.084121722637,80.21901196944111,Café
Anna Nagar,13.0872004,80.2164421,Grand Fast Food,13.085027694702148,80.21541595458984,Fast Food Restaurant
Anna Nagar,13.0872004,80.2164421,Ambur Star Biryani,13.088636125596388,80.21100462916965,Restaurant
Anna Nagar,13.0872004,80.2164421,Balajee Bhavan,13.085792090066475,80.22348398680263,Indian Restaurant
Anna Nagar,13.0872004,80.2164421,Cheesy Juicy Burgers,13.092227,80.215999,Burger Joint
Anna Nagar,13.0872004,80.2164421,Prima's Bakery,13.082290739347867,80.21439963396921,Bakery
Anna Nagar,13.0872004,80.2164421,French Loaf,13.083314759225189,80.21008042492497,Bakery
Anna Nagar,13.0872004,80.2164421,Eden,13.0926723096134,80.21844489746896,Indian Restaurant
Anna Nagar,13.0872004,80.2164421,"Ente Keralam @ Shanthi Colony, AnnaNagar",13.083202694086978,80.21033662570142,Indian Restaurant
Anna Nagar,13.0872004,80.2164421,Karaikudi Chettinad Restaurant,13.08461986901884,80.22229671478271,Indian Restaurant
Anna Nagar,13.0872004,80.2164421,Twin Towers Restaurant,13.0924279809981,80.21230853744296,Malay Restaurant
Anna Nagar,13.0872004,80.2164421,Ganga sweets,13.08865271857006,80.22355627662323,Snack Place
Anna Nagar,13.0872004,80.2164421,Mainland China,13.092134255805492,80.21052728214539,Chinese Restaurant
Anna Nagar,13.0872004,80.2164421,Sree Akshayam Sweets and Bakers,13.092435202844417,80.21061719200964,Fast Food Restaurant
Anna Nagar,13.0872004,80.2164421,Dhabba On Wheels,13.085520038786678,80.22449306724279,Indian Restaurant
Anna Nagar,13.0872004,80.2164421,Wings by Taj,13.085314308936052,80.22484708426732,Bakery
Anna Salai,13.0760534,80.2791324,Hotel Buhari,13.081525548560517,80.27428604106164,Indian Restaurant
Anna Salai,13.0760534,80.2791324,French Loaf,13.083778760487695,80.2752549307981,Sandwich Place
Anna Salai,13.0760534,80.2791324,Hotel Saravana Bhavan,13.082935395914943,80.27503183122415,Vegetarian / Vegan Restaurant
Anna Salai,13.0760534,80.2791324,Hotel Anjappar,13.081013085014915,80.27463440721307,Indian Restaurant
Anna Salai,13.0760534,80.2791324,Madras Coffee House,13.082701013191725,80.27509163555892,Café
Anna Salai,13.0760534,80.2791324,Adyar Ananda Bhavan Chennai Central,13.08319414615154,80.27555974773489,Fast Food Restaurant
Anna Salai,13.0760534,80.2791324,Dindigul Thalappakatti,13.082800174331702,80.27455820224861,Indian Restaurant
Anna Salai,13.0760534,80.2791324,Marry Brown,13.082957517097588,80.27495944387401,Fried Chicken Joint
"Ashok Nagar, Chennai",13.0400731,80.2159247,Wangs Kitchen,13.04454102062876,80.21797780163044,Chinese Restaurant
"Ashok Nagar, Chennai",13.0400731,80.2159247,Subway,13.038852882328293,80.2122736194219,Sandwich Place
"Ashok Nagar, Chennai",13.0400731,80.2159247,The French Loaf,13.044630261913046,80.2180128156964,Bakery
"Ashok Nagar, Chennai",13.0400731,80.2159247,Domino's Pizza,13.037,80.212,Pizza Place
"Ashok Nagar, Chennai",13.0400731,80.2159247,Matta Veg Food Corner,13.037346409096083,80.21328902899164,Diner
"Ashok Nagar, Chennai",13.0400731,80.2159247,Dindukal Thalapakatti,13.031192382567518,80.21615741802489,Indian Restaurant
"Ashok Nagar, Chennai",13.0400731,80.2159247,Pizza Republic,13.034441909658234,80.21419325018479,Pizza Place
"Ashok Nagar, Chennai",13.0400731,80.2159247,Domino's Pizza,13.047902832834616,80.21430219184239,Pizza Place
"Ashok Nagar, Chennai",13.0400731,80.2159247,Pizza Hut,13.040950658778643,80.21558385976107,Pizza Place
"Ashok Nagar, Chennai",13.0400731,80.2159247,Buhari Hotel Ashok Nagar,13.0424716009321,80.21241024564765,Indian Restaurant
"Ashok Nagar, Chennai",13.0400731,80.2159247,Café Coffee Day,13.03153782792612,80.2145151012873,Café
"Ashok Nagar, Chennai",13.0400731,80.2159247,OSB Hot Chat,13.03556598310099,80.22125042879631,Snack Place
"Ashok Nagar, Chennai",13.0400731,80.2159247,Mast Kalandar,13.043777658365412,80.21745871577392,Indian Restaurant
"Ashok Nagar, Chennai",13.0400731,80.2159247,Cibo,13.039902,80.21464,Restaurant
"Ashok Nagar, Chennai",13.0400731,80.2159247,Data Udipi,13.041017815491639,80.2164918895978,Indian Restaurant
"Ashok Nagar, Chennai",13.0400731,80.2159247,Hot Chips Restaurant,13.036685885326936,80.21234939142411,Vegetarian / Vegan Restaurant
"Ashok Nagar, Chennai",13.0400731,80.2159247,Hotel Saravana Bhavan,13.034800953619218,80.21239024550783,Indian Restaurant
"Ashok Nagar, Chennai",13.0400731,80.2159247,Kumar Mess,13.044609522150711,80.21243382311037,South Indian Restaurant
"Ashok Nagar, Chennai",13.0400731,80.2159247,Kaaraikudi Chettinad Restaurant,13.041017600228447,80.21223772372333,Indian Restaurant
"Ashok Nagar, Chennai",13.0400731,80.2159247,mansukh's,13.035405351886302,80.21628490565331,Indian Restaurant
"Ashok Nagar, Chennai",13.0400731,80.2159247,Bakya Fast Food,13.039218582824086,80.22406497692796,Indian Restaurant
"Ashok Nagar, Chennai",13.0400731,80.2159247,Murugan Idli Shop,13.038394386289134,80.22102906907745,Indian Restaurant
"Ashok Nagar, Chennai",13.0400731,80.2159247,Viji Chat,13.040752950794104,80.22152471268227,Fast Food Restaurant
"Ashok Nagar, Chennai",13.0400731,80.2159247,Pizza Corner,13.0345,80.21581,Pizza Place
"Ashok Nagar, Chennai",13.0400731,80.2159247,Madurai Kumar Mess,13.044725,80.21268,Asian Restaurant
"Ashok Nagar, Chennai",13.0400731,80.2159247,Madurai Alagappar,13.034556453504287,80.21445470992884,Indian Restaurant
"Ashok Nagar, Chennai",13.0400731,80.2159247,Hotel Akshaya,13.045745225207197,80.21768206704779,Indian Restaurant
"Ashok Nagar, Chennai",13.0400731,80.2159247,Arab Street,13.045532,80.21843,Falafel Restaurant
"Ashok Nagar, Chennai",13.0400731,80.2159247,Sri Krishna Sweets,13.034231549743005,80.21438389799411,Indian Restaurant
"Ashok Nagar, Chennai",13.0400731,80.2159247,Sangeetha Desi Mane,13.033656,80.21437,Restaurant
"Ashok Nagar, Chennai",13.0400731,80.2159247,ADYAR BAKERY,13.032586809657587,80.21548419986549,Bakery
"Ashok Nagar, Chennai",13.0400731,80.2159247,Madras Kitchen,13.04737954846555,80.21889395592626,Indian Restaurant
"Ashok Nagar, Chennai",13.0400731,80.2159247,Adyar Ananda Bhavan,13.033704,80.21111,Vegetarian / Vegan Restaurant
"Ashok Nagar, Chennai",13.0400731,80.2159247,Nimi's Oven,13.03278318595522,80.21197080994313,Bakery
"Ashok Nagar, Chennai",13.0400731,80.2159247,Hot N Chat,13.040785891752284,80.22453663864842,Fast Food Restaurant
"Ashok Nagar, Chennai",13.0400731,80.2159247,ANJAPPAR,13.03249626183228,80.21167121184634,Indian Restaurant
"Ashok Nagar, Chennai",13.0400731,80.2159247,"Grand sweets and snacks veg restaurant, Ashok nagar",13.031370377849678,80.21442202750474,Vegetarian / Vegan Restaurant
"Ashok Nagar, Chennai",13.0400731,80.2159247,The Grand Sweets & Snacks,13.031366665952078,80.21439887742932,Indian Restaurant
Assisi Nagar,13.1646096,80.2330002,Punjabi Dhaba,13.162581598159036,80.22717811341494,Indian Restaurant
Besant Nagar,12.9996907,80.2682259,Jonah's Bistro,12.997919590733217,80.26755414856291,Bistro
Besant Nagar,12.9996907,80.2682259,Little Italy,12.996417106009028,80.26850213041183,Italian Restaurant
Besant Nagar,12.9996907,80.2682259,Haven Sampoorna,12.998368464218872,80.26736911202805,Indian Restaurant
Besant Nagar,12.9996907,80.2682259,Eden,12.997763230167621,80.26749160726439,Indian Restaurant
Besant Nagar,12.9996907,80.2682259,Pupil,13.000967466905987,80.27096550855552,Burger Joint
Besant Nagar,12.9996907,80.2682259,The Cascade,12.996386737216039,80.26780814589867,Chinese Restaurant
Besant Nagar,12.9996907,80.2682259,Jonahs Bistro & Patissiere,12.99787764089176,80.26760148867338,Bistro
Besant Nagar,12.9996907,80.2682259,Café Coffee Day Lounge,13.00407871059214,80.26932582260082,Café
Besant Nagar,12.9996907,80.2682259,Cozee,13.000963134437036,80.27104028864774,Snack Place
Besant Nagar,12.9996907,80.2682259,Barista Lavazza,12.999148641212127,80.2707270393678,Café
Besant Nagar,12.9996907,80.2682259,Mash,13.001190159214365,80.2712772643407,New American Restaurant
Besant Nagar,12.9996907,80.2682259,Nandanam Restaurant,12.996214807029183,80.26774701572806,Indian Restaurant
Besant Nagar,12.9996907,80.2682259,Murugan Idli Shop,12.995555351898616,80.2703246469059,South Indian Restaurant
Besant Nagar,12.9996907,80.2682259,Dindigul Thalapakatti Restaurant,13.002332594412644,80.27208504851511,Indian Restaurant
Besant Nagar,12.9996907,80.2682259,Vishranthi,12.9982933024126,80.26748444982962,Indian Restaurant
Besant Nagar,12.9996907,80.2682259,Café Adoniya,13.002968171391233,80.27160248533454,Café
Besant Nagar,12.9996907,80.2682259,Donut House,12.995811032886772,80.27052176809553,Donut Shop
Besant Nagar,12.9996907,80.2682259,Domino's Pizza,12.993,80.266,Pizza Place
Besant Nagar,12.9996907,80.2682259,Grand Sweets & Snacks,13.000949514688307,80.26120335706521,Diner
Besant Nagar,12.9996907,80.2682259,Tasty Jones,13.000830480382575,80.27071755968404,Sandwich Place
Besant Nagar,12.9996907,80.2682259,Hola,13.000829508750593,80.2703380340004,Mexican Restaurant
Besant Nagar,12.9996907,80.2682259,Mast Kalandar,12.996566719433291,80.26015452671358,Indian Restaurant
Besant Nagar,12.9996907,80.2682259,Dhabba Express,13.000838386936652,80.2705083540078,Indian Restaurant
Besant Nagar,12.9996907,80.2682259,Subway @ Bessi,13.002732982511898,80.27200497606894,American Restaurant
Besant Nagar,12.9996907,80.2682259,Thick Shake Factory,13.00086,80.270764,Snack Place
Besant Nagar,12.9996907,80.2682259,Ponnusamy Hotel,12.996351659690712,80.26189826073482,Indian Restaurant
Besant Nagar,12.9996907,80.2682259,Yummy Planet,12.997591546102472,80.27097649152998,Fast Food Restaurant
Besant Nagar,12.9996907,80.2682259,Subway,13.002561910297803,80.27167441599128,Sandwich Place
Besant Nagar,12.9996907,80.2682259,Funk Jazz's Donuts and Hot Dogs,13.00128769159979,80.27147728688911,Hot Dog Joint
Besant Nagar,12.9996907,80.2682259,Ashvita Nirvana,13.003009244935281,80.270889396373,Café
Besant Nagar,12.9996907,80.2682259,Id,13.002855,80.271416,South Indian Restaurant
Besant Nagar,12.9996907,80.2682259,Y Cook,13.004169432191416,80.26927267625528,Indian Restaurant
Besant Nagar,12.9996907,80.2682259,BOATS - Based On A True Story,13.002723,80.27201,Indian Restaurant
Besant Nagar,12.9996907,80.2682259,Thalapakatti,13.002549313373608,80.27225024796375,Indian Restaurant
Besant Nagar,12.9996907,80.2682259,The 1 KG Shop,13.000979830566335,80.2598602483823,Food Court
Besant Nagar,12.9996907,80.2682259,Federal Bakery,13.00223676560947,80.25954448657995,Bakery
Chepauk,13.06363,80.2812779,Nair Mess,13.064454532787801,80.27756034842496,Indian Restaurant
Chepauk,13.06363,80.2812779,Kasi Vinayaga Mess,13.06075355981592,80.27700217013425,Indian Restaurant
Chepauk,13.06363,80.2812779,Ratna cafe,13.058739850625004,80.2741698052978,Indian Restaurant
Chepauk,13.06363,80.2812779,A2B Triplicane,13.058265298288847,80.27652862284992,Vegetarian / Vegan Restaurant
Chepauk,13.06363,80.2812779,Anjappar Chettinad,13.06412616723193,80.27824862100708,Indian Restaurant
Chepauk,13.06363,80.2812779,Sundari Akka Fish Stall,13.06055,80.283323,Seafood Restaurant
Chepauk,13.06363,80.2812779,Sea Lord Hotel,13.058800642210604,80.2740846412886,Middle Eastern Restaurant
Chepauk,13.06363,80.2812779,Hotel Firdouse,13.063005280776038,80.2740955277772,Indian Restaurant
Egmore,13.0728321,80.2576906,Flower Drum,13.07143864073082,80.25928058671603,Thai Restaurant
Egmore,13.0728321,80.2576906,Icarus Punjabi Dabha,13.06932204870826,80.25701583700646,Indian Restaurant
Egmore,13.0728321,80.2576906,Sandwich Shop,13.06900028261447,80.25728775040206,Sandwich Place
Egmore,13.0728321,80.2576906,Links,13.079985797801971,80.25460515237084,Snack Place
Egmore,13.0728321,80.2576906,The Marina,13.067310668481305,80.25211702382008,Seafood Restaurant
Egmore,13.0728321,80.2576906,Arab Kitchen,13.067134318489256,80.25510736445567,Middle Eastern Restaurant
Egmore,13.0728321,80.2576906,Annalakshmi,13.065614823414482,80.2597272696399,Indian Restaurant
Egmore,13.0728321,80.2576906,Delhi Highway,13.071808010941718,80.2529839968787,Indian Restaurant
Egmore,13.0728321,80.2576906,Ajnabi Mithai Ghar,13.067881662387169,80.2564420961119,Fast Food Restaurant
Egmore,13.0728321,80.2576906,North East Kitchen,13.065308072889023,80.25825824445398,Korean Restaurant
Egmore,13.0728321,80.2576906,Donut House,13.064842559256423,80.25839499137423,Donut Shop
Egmore,13.0728321,80.2576906,Mathsya,13.07504186255991,80.25787788595088,Indian Restaurant
Egmore,13.0728321,80.2576906,Bombay Brasserie,13.066893617254191,80.25196310637325,Indian Restaurant
Egmore,13.0728321,80.2576906,Radisson Blu - The Great Kebab Factory,13.06728111468467,80.25548525889225,Kebab Restaurant
Egmore,13.0728321,80.2576906,Cup O Cafe,13.081035260310694,80.2555938258994,Italian Restaurant
Egmore,13.0728321,80.2576906,Café Coffee Day,13.075381647684422,80.25911808013916,Café
Egmore,13.0728321,80.2576906,Pizza Republic,13.064951528157048,80.258983734273,Pizza Place
Egmore,13.0728321,80.2576906,Domino's Pizza,13.078,80.259,Pizza Place
Egmore,13.0728321,80.2576906,Vestin Park,13.067573693370274,80.25895249480617,Mexican Restaurant
Egmore,13.0728321,80.2576906,Cafe Chokolade,13.067859812404075,80.25842864932382,Café
Egmore,13.0728321,80.2576906,cafe coffee day,13.081397970978546,80.25554655005855,Café
Egmore,13.0728321,80.2576906,Grand sweets & snacks,13.071595292662016,80.25017061628022,Indian Restaurant
Egmore,13.0728321,80.2576906,Fisherman's Fare,13.070930953706302,80.25415761422747,Seafood Restaurant
Egmore,13.0728321,80.2576906,Sangeetha Restaurant,13.065802202631401,80.25660641334203,Asian Restaurant
Egmore,13.0728321,80.2576906,Ponnusamy Hotel,13.064776394587916,80.25908173008929,Indian Restaurant
Egmore,13.0728321,80.2576906,National Lodge - Meals,13.08025030389306,80.25425802380464,Indian Restaurant
Egmore,13.0728321,80.2576906,Kalyan Bhavan Biriyani,13.071128769560756,80.26110150751424,Halal Restaurant
Egmore,13.0728321,80.2576906,Sudha Hotel,13.078903004701695,80.25564014247006,Diner
Egmore,13.0728321,80.2576906,La Chocolate Patisserie,13.0719662482387,80.25309288881692,Café
Egmore,13.0728321,80.2576906,Anjappar Chettinda A/c Restaurant,13.077540720276657,80.26032300062259,Indian Restaurant
Egmore,13.0728321,80.2576906,Hot Chips,13.077525970388505,80.26044704887501,Asian Restaurant
Egmore,13.0728321,80.2576906,Sangeetha Veg,13.077390482209257,80.26087829997584,Asian Restaurant
Egmore,13.0728321,80.2576906,Adayar Anandha Bhavan,13.077752746429177,80.26031755649328,Bakery
Egmore,13.0728321,80.2576906,Hotel Saravana Bhavan,13.076891204952164,80.2622828644519,Vegetarian / Vegan Restaurant
Egmore,13.0728321,80.2576906,Vasantha Bavan,13.077588072919843,80.26172757430197,Vegetarian / Vegan Restaurant
Egmore,13.0728321,80.2576906,Hyderabadi Biriyani Centre,13.067254445527912,80.25431246897334,Indian Restaurant
Egmore,13.0728321,80.2576906,Udipi Hotel Sudha,13.079121976773635,80.2555483649,Indian Restaurant
Egmore,13.0728321,80.2576906,Bombay Halwa House,13.078529449085112,80.25259000483213,Indian Restaurant
Egmore,13.0728321,80.2576906,Babal Da Dabha,13.07877330441457,80.25246675826297,Indian Restaurant
Egmore,13.0728321,80.2576906,Abu Sarovar Portico,13.079162309838493,80.25258654011778,Breakfast Spot
Egmore,13.0728321,80.2576906,Ashok Pan House,13.081238748592972,80.25476980701039,Sandwich Place
Egmore,13.0728321,80.2576906,Sri Krishna Sweets,13.081291499678397,80.25465547273235,Indian Restaurant
"George Town, Chennai",13.0920917,80.2822426,Kakada Ramprasad,13.090415399815164,80.27911076464765,Indian Restaurant
"George Town, Chennai",13.0920917,80.2822426,Seena bhai tiffen centre,13.089670382157031,80.2784554538734,Restaurant
"George Town, Chennai",13.0920917,80.2822426,Novelty Tea House,13.089114767743538,80.27888000396221,Fast Food Restaurant
"George Town, Chennai",13.0920917,80.2822426,Thalapakatti,13.087704551595547,80.28368598009477,Indian Restaurant
"George Town, Chennai",13.0920917,80.2822426,New Prakash Bhavan,13.08749250786985,80.27930999482923,Indian Restaurant
"George Town, Chennai",13.0920917,80.2822426,Krishna Prasad,13.090695130137554,80.2768225490625,Restaurant
"George Town, Chennai",13.0920917,80.2822426,Atthho shop- Parry's Corner,13.09068029184742,80.29042368375153,Snack Place
"George Town, Chennai",13.0920917,80.2822426,Atho Noodles,13.090608999989941,80.29066313991095,Food Truck
"George Town, Chennai",13.0920917,80.2822426,Dindigul Thalappakatti Biriyani Restaurant,13.08852757749359,80.28999919161954,Indian Restaurant
Guindy,13.0087095,80.2203646,"Ottimo Cucina Italiana, ITC Grand Chola",13.01044420875714,80.22093812212667,Italian Restaurant
Guindy,13.0087095,80.2203646,Peshawri,13.010535658080318,80.22025150360636,Indian Restaurant
Guindy,13.0087095,80.2203646,Pan Asian,13.010991401989187,80.22040826985709,Asian Restaurant
Guindy,13.0087095,80.2203646,Madras Pavilion,13.01111721192126,80.22041892204294,Indian Restaurant
Guindy,13.0087095,80.2203646,The Flying Elephant,13.010472168307471,80.22353622486264,Restaurant
Guindy,13.0087095,80.2203646,Royal Vega,13.010837660086912,80.22029921499646,Vegetarian / Vegan Restaurant
Guindy,13.0087095,80.2203646,Avartana,13.011179,80.22063,Molecular Gastronomy Restaurant
Guindy,13.0087095,80.2203646,The Dining Room,13.010504321873237,80.22348437359791,Restaurant
Guindy,13.0087095,80.2203646,Café Coffee Day,13.011393115479036,80.22332125583434,Café
Guindy,13.0087095,80.2203646,Hot Breads,13.014779618936569,80.2242724866144,Bakery
Guindy,13.0087095,80.2203646,Wangs Kitchen,13.015265882179063,80.2249146221417,Chinese Restaurant
Guindy,13.0087095,80.2203646,Ponnusamy Hotel,13.013826884290419,80.22319058308287,Indian Restaurant
Guindy,13.0087095,80.2203646,Adyar Ananda Bhavan,13.015292746629676,80.22513364891849,Breakfast Spot
Guindy,13.0087095,80.2203646,Domino's Pizza,13.0134597265888,80.22258645595525,Pizza Place
Guindy,13.0087095,80.2203646,Nutmeg - The Gourmet Shop,13.010775060872712,80.2201194738516,Bakery
Guindy,13.0087095,80.2203646,Citrus Café,13.010969,80.224568,Indian Restaurant
Guindy,13.0087095,80.2203646,Checkers Pub,13.01349134850855,80.22281555115482,Diner
Guindy,13.0087095,80.2203646,"Stimulation, Checkers Hotel",13.013558,80.222706,Indian Restaurant
Guindy,13.0087095,80.2203646,Hotel zen garden,13.010892764941229,80.2150593325115,Food Court
Guindy,13.0087095,80.2203646,Chettinad Fast Food,13.015088488548257,80.22526100999649,Fast Food Restaurant
Injambakkam,12.9189367,80.251295,Food village,12.927866008217412,80.2518460677077,Indian Restaurant
Injambakkam,12.9189367,80.251295,GRILLZ,12.927224213177624,80.25151394202992,Restaurant
Injambakkam,12.9189367,80.251295,New Town,12.911628194940139,80.24961935248713,Malay Restaurant
Injambakkam,12.9189367,80.251295,Cheesy Juicy Burger,12.917611572289575,80.25050122275803,Burger Joint
Injambakkam,12.9189367,80.251295,Shiraz Iranian Cafe,12.922505,80.252187,Café
Injambakkam,12.9189367,80.251295,Annachi Dosai Kadai,12.914791194407401,80.25064823114438,Indian Restaurant
Kodambakkam,13.049207,80.2242829,Wangs Kitchen,13.04454102062876,80.21797780163044,Chinese Restaurant
Kodambakkam,13.049207,80.2242829,The French Loaf,13.044630261913046,80.2180128156964,Bakery
Kodambakkam,13.049207,80.2242829,Tibbs Frankie,13.05167,80.227349,Deli / Bodega
Kodambakkam,13.049207,80.2242829,Midnight Masala,13.053279379261127,80.22439866243545,Indian Restaurant
Kodambakkam,13.049207,80.2242829,Mannah Bakery And Snacks,13.053328457489867,80.22439503149855,Bakery
Kodambakkam,13.049207,80.2242829,Aroma Veg Restaurant,13.05367464677615,80.22484079003334,Fast Food Restaurant
Kodambakkam,13.049207,80.2242829,Malabar Biriyani Centre,13.053683138614801,80.22623045974049,Indian Restaurant
Kodambakkam,13.049207,80.2242829,Maya's Food Court,13.053377349420009,80.22770095230064,Food Court
Kodambakkam,13.049207,80.2242829,Mast Kalandar,13.043777658365412,80.21745871577392,Indian Restaurant
Kodambakkam,13.049207,80.2242829,Hot Chips,13.043836534742368,80.227924247095,Bakery
Kodambakkam,13.049207,80.2242829,Arab Street,13.045532,80.21843,Falafel Restaurant
Kodambakkam,13.049207,80.2242829,Saravana cafe park,13.054417924096224,80.21937871846002,Café
Kodambakkam,13.049207,80.2242829,Hotel Akshaya,13.045745225207197,80.21768206704779,Indian Restaurant
Kodambakkam,13.049207,80.2242829,House Of Dosas,13.05399875624024,80.2302334076494,Asian Restaurant
Kodambakkam,13.049207,80.2242829,Ratna Cafe,13.041943723571592,80.22711820458733,Café
Kodambakkam,13.049207,80.2242829,Velu Military,13.04554,80.218491,Indian Restaurant
Kodambakkam,13.049207,80.2242829,Hot N Chat,13.040785891752284,80.22453663864842,Fast Food Restaurant
Kodambakkam,13.049207,80.2242829,Viji Chat,13.040752950794104,80.22152471268227,Fast Food Restaurant
Kodambakkam,13.049207,80.2242829,Take Home's Restaurant,13.056972322360423,80.22879563580473,Restaurant
Korattur,13.1115392,80.1842767,Domino's Pizza,13.103575,80.1864,Pizza Place
Korattur,13.1115392,80.1842767,Korattur Chat Shop,13.108825,80.183545,Fast Food Restaurant
Korattur,13.1115392,80.1842767,chappati kings,13.113352206838265,80.18170063414907,Indian Restaurant
Korattur,13.1115392,80.1842767,Thalapa Kattu Biriyani,13.112894024037,80.18004952201255,Indian Restaurant
Korattur,13.1115392,80.1842767,Anjappar Restaurant,13.112945495222702,80.17994053659028,Indian Restaurant
Korattur,13.1115392,80.1842767,Hotel Saravana Korattur,13.105944432885229,80.18465402904988,Café
Korattur,13.1115392,80.1842767,stopcook,13.115801533288995,80.18916606903076,Restaurant
Korattur,13.1115392,80.1842767,"Bakers Cottage, Korattur",13.104881126626262,80.18089415432057,Bakery
Kosapet,13.0939346,80.2547909,Hotel Saravana Bhavan,13.085394563020927,80.25210760610773,Indian Restaurant
Kosapet,13.0939346,80.2547909,Adyar Ananda Bhavan,13.085623224270355,80.25380068300758,Indian Restaurant
Kosapet,13.0939346,80.2547909,Doveton Cafe,13.086823021015405,80.25809632255645,Indian Restaurant
Kosapet,13.0939346,80.2547909,Hot Chips,13.087079175202328,80.25889662678564,Diner
Kosapet,13.0939346,80.2547909,Murugan Idli Kadai,13.085288686086223,80.25319576263428,Vegetarian / Vegan Restaurant
Kotturpuram,13.0193703,80.2435512,French Loaf,13.02025989121123,80.24196885526624,Bakery
Kotturpuram,13.0193703,80.2435512,Ciclo Cafe,13.022451837010024,80.24242416548292,Café
Kotturpuram,13.0193703,80.2435512,Royal Sandwich Shop,13.017900146207792,80.2411383360346,Sandwich Place
Kotturpuram,13.0193703,80.2435512,The Track,13.014443536622268,80.24796480495685,Chinese Restaurant
Kotturpuram,13.0193703,80.2435512,Soy Soi,13.019072,80.24138,Asian Restaurant
Kotturpuram,13.0193703,80.2435512,Savya Rasa,13.019087,80.241341,South Indian Restaurant
Kotturpuram,13.0193703,80.2435512,Krishna cafe,13.018216390801838,80.24098324894788,Indian Restaurant
Kotturpuram,13.0193703,80.2435512,Sri Gokulam Cafe,13.018000436518342,80.24119531556556,Diner
Kotturpuram,13.0193703,80.2435512,Jam Jam Briyani,13.016299055095285,80.24404893712452,Indian Restaurant
Kotturpuram,13.0193703,80.2435512,Step N Taste,13.015473313382225,80.24756644648689,Chinese Restaurant
Meenambakkam,12.9866009,80.1726357,Krispy Kreme,12.983939026159677,80.16646432623187,Donut Shop
Meenambakkam,12.9866009,80.1726357,Subway,12.98501,80.16788,Fast Food Restaurant
Meenambakkam,12.9866009,80.1726357,Pizza Hut,12.984308454039759,80.16688307721546,Pizza Place
Meenambakkam,12.9866009,80.1726357,Cafe Coffee Day,12.983597366183087,80.16682857612753,Café
Meenambakkam,12.9866009,80.1726357,KFC,12.984450536839311,80.16743554413638,Fast Food Restaurant
Meenambakkam,12.9866009,80.1726357,Chennai Food Express,12.983857194163475,80.16599030302574,Multicuisine Indian Restaurant
Meenambakkam,12.9866009,80.1726357,ID - Contemporary South Indian,12.984258,80.167122,South Indian Restaurant
Meenambakkam,12.9866009,80.1726357,Cookie Man,12.983940320217862,80.16688852732234,Bakery
Meenambakkam,12.9866009,80.1726357,Coffee & More,12.984196260249167,80.16661602155278,Café
Meenambakkam,12.9866009,80.1726357,Maggi,12.984044884204186,80.16667597289658,Noodle House
Meenambakkam,12.9866009,80.1726357,Caféccino,12.98398922738818,80.16662147167669,Café
Meenambakkam,12.9866009,80.1726357,Chicago Crust,12.98388523113018,80.16661057142855,Pizza Place
Meenambakkam,12.9866009,80.1726357,Madras Coffee House,12.982956,80.166839,Café
Meenambakkam,12.9866009,80.1726357,lfs travel lounge,12.983859016831214,80.16592930316313,Buffet
Meenambakkam,12.9866009,80.1726357,Sangeetha veg,12.982911356846262,80.16631081406022,Indian Restaurant
MRC Nagar,13.0196693,80.2706525,Spectra,13.017124649849775,80.27391341992487,Restaurant
MRC Nagar,13.0196693,80.2706525,China XO,13.017218440482985,80.27386499005563,Chinese Restaurant
MRC Nagar,13.0196693,80.2706525,Ente Keralam (MRC Nagar),13.017908358012741,80.2719725907897,Indian Restaurant
MRC Nagar,13.0196693,80.2706525,The French Loaf,13.019012773301583,80.27175490051673,Bakery
MRC Nagar,13.0196693,80.2706525,Sangeetha Restaurant,13.025106847681418,80.27470809984933,Vegetarian / Vegan Restaurant
MRC Nagar,13.0196693,80.2706525,Subway,13.017396172620725,80.2713030975707,Sandwich Place
MRC Nagar,13.0196693,80.2706525,Palmshore Multi-Cuisine BBQ Restaurant,13.026231172808412,80.2752925061998,Middle Eastern Restaurant
MRC Nagar,13.0196693,80.2706525,Social,13.017425463511085,80.27029868376145,Gastropub
MRC Nagar,13.0196693,80.2706525,Jamavar,13.016994204861849,80.27391045728048,Indian Restaurant
MRC Nagar,13.0196693,80.2706525,KFC,13.02638302632429,80.27539554585225,Fast Food Restaurant
MRC Nagar,13.0196693,80.2706525,Fromage,13.017237,80.270976,Modern European Restaurant
MRC Nagar,13.0196693,80.2706525,S. R. Foods,13.022413314550983,80.26793899501193,Indian Restaurant
MRC Nagar,13.0196693,80.2706525,Tawa 9,13.024051644712454,80.26610991229744,Café
MRC Nagar,13.0196693,80.2706525,Marina Park Restaurant,13.025089172404657,80.27477048733608,Restaurant
MRC Nagar,13.0196693,80.2706525,Ooty Snacks,13.026180703539728,80.26710611403105,Café
MRC Nagar,13.0196693,80.2706525,Suswaad,13.026631307447676,80.26734019251982,Snack Place
Mylapore,13.0316504,80.270099,Rayar's Mess,13.035536506033173,80.27296534724285,Indian Restaurant
Mylapore,13.0316504,80.270099,Palmshore Multi-Cuisine BBQ Restaurant,13.026231172808412,80.2752925061998,Middle Eastern Restaurant
Mylapore,13.0316504,80.270099,Sangeetha Restaurant,13.025106847681418,80.27470809984933,Vegetarian / Vegan Restaurant
Mylapore,13.0316504,80.270099,Sangeetha,13.031806375708834,80.26735652355303,Vegetarian / Vegan Restaurant
Mylapore,13.0316504,80.270099,Mylai Sri Karpagambal Mess,13.032904419868622,80.27104025753003,Indian Restaurant
Mylapore,13.0316504,80.270099,Hotel Saravana Bhavan,13.03444822409274,80.26882026718185,Vegetarian / Vegan Restaurant
Mylapore,13.0316504,80.270099,Cafe Coffee Day,13.02884924352036,80.27642216237474,Café
Mylapore,13.0316504,80.270099,Thaligai,13.037553,80.26319,Buffet
Mylapore,13.0316504,80.270099,KFC,13.02638302632429,80.27539554585225,Fast Food Restaurant
Mylapore,13.0316504,80.270099,Isha Life,13.036741092285311,80.26252784424362,Vegetarian / Vegan Restaurant
Mylapore,13.0316504,80.270099,Mami Tiffen Stall,13.03249404720425,80.27040492792707,Vegetarian / Vegan Restaurant
Mylapore,13.0316504,80.270099,Adyar Ananda Bhavan,13.03316905053664,80.26780290390822,Indian Restaurant
Mylapore,13.0316504,80.270099,Sangeetha Veg Restaurant,13.036668782495928,80.27109624722453,Indian Restaurant
Mylapore,13.0316504,80.270099,Suswaad,13.026631307447676,80.26734019251982,Snack Place
Mylapore,13.0316504,80.270099,Bay Of Bengal,13.030647477493549,80.2760169710815,Indian Restaurant
Mylapore,13.0316504,80.270099,Hot Breads,13.028503221955885,80.27545088466921,Bakery
Mylapore,13.0316504,80.270099,Orchard,13.037572974785936,80.2676341506359,Snack Place
Mylapore,13.0316504,80.270099,Marrybrown,13.037610260108082,80.26487417036961,Fried Chicken Joint
Mylapore,13.0316504,80.270099,Fresh Baked Goodness,13.033772,80.262354,Bakery
Mylapore,13.0316504,80.270099,Marina Park Restaurant,13.025089172404657,80.27477048733608,Restaurant
Mylapore,13.0316504,80.270099,Tawa 9,13.024051644712454,80.26610991229744,Café
Nanganallur,12.9801242,80.184902,Domino's Pizza,12.975,80.19,Pizza Place
Nanganallur,12.9801242,80.184902,Shri balaajee bhavan,12.979335231332099,80.18229459077497,Indian Restaurant
Nanganallur,12.9801242,80.184902,Murugan Idly Shop,12.982437502724224,80.18837559707794,Indian Restaurant
Nanganallur,12.9801242,80.184902,Hot Breads,12.982104825138205,80.18891502026901,Bakery
Nanganallur,12.9801242,80.184902,Adyar Ananda Bhavan - A2B,12.980493,80.19083,Indian Restaurant
Nanganallur,12.9801242,80.184902,Freezy Inn,12.98304377,80.19095932,American Restaurant
Nanganallur,12.9801242,80.184902,Gupta Sweets,12.986454281241969,80.1877053998795,Snack Place
Nanganallur,12.9801242,80.184902,Bakeville,12.98620627899062,80.18837559707794,Bakery
Nanganallur,12.9801242,80.184902,Mr & Mrs Idly,12.983913,80.192179,Fast Food Restaurant
Neelankarai,12.9454955,80.2574692,Tryst Cafe,12.945763535222783,80.25415590642885,Café
Neelankarai,12.9454955,80.2574692,Papa John's,12.949210772497967,80.25512369784636,Pizza Place
Neelankarai,12.9454955,80.2574692,Marrybrown,12.941102148188916,80.25359923449314,Burger Joint
Neelankarai,12.9454955,80.2574692,The Beach Club,12.950306428935402,80.26131927039977,Buffet
Neelankarai,12.9454955,80.2574692,Wang's Kitchen,12.949398659212308,80.25247764752949,Chinese Restaurant
Neelankarai,12.9454955,80.2574692,Namma Veedu Vasantha Bhavan,12.947446136610807,80.25438869215078,Indian Restaurant
Neelankarai,12.9454955,80.2574692,Shiraz Art Cafe,12.952157803393288,80.2616350255899,Persian Restaurant
Neelankarai,12.9454955,80.2574692,Tryst Cafe (Baker Street),12.953012710423788,80.25420357860098,American Restaurant
Neelankarai,12.9454955,80.2574692,Drizzle,12.953544150422626,80.25495370507176,Indian Restaurant
Nungambakkam,13.0620626,80.240487,Bismi Biryani,13.061663796956331,80.24312952636882,Indian Restaurant
Nungambakkam,13.0620626,80.240487,Hotel Crescent,13.064423527176064,80.24343463037023,Multicuisine Indian Restaurant
Nungambakkam,13.0620626,80.240487,Dynasty,13.066879912143964,80.2431017044096,Chinese Restaurant
Nungambakkam,13.0620626,80.240487,Crisp Cafe,13.064925769558712,80.23896990797353,Café
Nungambakkam,13.0620626,80.240487,Cake Walk,13.065009347162855,80.23904467496634,Bakery
Nungambakkam,13.0620626,80.240487,Moti Mahal Deluxe,13.060812702717618,80.24549155680413,Indian Restaurant
Nungambakkam,13.0620626,80.240487,Little Italy Ristorante,13.06093359684176,80.24723453867736,Italian Restaurant
Nungambakkam,13.0620626,80.240487,Dahlia,13.062417792763798,80.24528824958001,Japanese Restaurant
Nungambakkam,13.0620626,80.240487,Subway,13.061402842754942,80.24852081154127,Sandwich Place
Nungambakkam,13.0620626,80.240487,Bhojanaa,13.064055507184662,80.2362338455904,Vegetarian / Vegan Restaurant
Nungambakkam,13.0620626,80.240487,Cream Centre,13.067191725382402,80.24617649997981,Indian Restaurant
Nungambakkam,13.0620626,80.240487,Golden Dragon,13.058382724198397,80.24770818511396,Chinese Restaurant
Nungambakkam,13.0620626,80.240487,Eden Restaurant,13.066827750827182,80.24303770499135,Indian Restaurant
Nungambakkam,13.0620626,80.240487,Apoorva Sangeetha,13.063903633822777,80.24354758362048,Indian Restaurant
Nungambakkam,13.0620626,80.240487,Prego at Taj Coromandel,13.058659311123774,80.24589483095815,Italian Restaurant
Nungambakkam,13.0620626,80.240487,Anise,13.05841655626345,80.24732667079513,Indian Restaurant
Nungambakkam,13.0620626,80.240487,Sigree,13.065767410925583,80.24227116313695,Indian Restaurant
Nungambakkam,13.0620626,80.240487,Southern Spice,13.058289708903398,80.24750236716494,Indian Restaurant
Nungambakkam,13.0620626,80.240487,Cascade Restaurant,13.060091038915441,80.24821090807244,Chinese Restaurant
Nungambakkam,13.0620626,80.240487,Maplai,13.064068716568574,80.23635336666004,South Indian Restaurant
Nungambakkam,13.0620626,80.240487,Taj Coromandel 6th Floor Lounge,13.058187335408087,80.24764812066904,Café
Nungambakkam,13.0620626,80.240487,Kailash Parbat,13.069214468231632,80.23782808435679,Indian Restaurant
Nungambakkam,13.0620626,80.240487,Twilight Takeout,13.054505572703157,80.23915822579518,Asian Restaurant
Nungambakkam,13.0620626,80.240487,French Loaf,13.069257051051277,80.2378184687911,Bakery
Nungambakkam,13.0620626,80.240487,Subway,13.06938128135246,80.2378956678162,Restaurant
Nungambakkam,13.0620626,80.240487,Velu Military Hotel,13.062830250364438,80.24358609609331,Indian Restaurant
Nungambakkam,13.0620626,80.240487,Krishnavillasam,13.063540117365472,80.24784621422533,Indian Restaurant
Nungambakkam,13.0620626,80.240487,Gusto,13.06035685345492,80.24544833524538,Café
Nungambakkam,13.0620626,80.240487,Cafe Coffee Day,13.068932569345131,80.24186539436694,Café
Nungambakkam,13.0620626,80.240487,Crescent Park Hotel,13.06446731409003,80.24347929576355,Asian Restaurant
Nungambakkam,13.0620626,80.240487,Jakobs Kitchen,13.060655086569026,80.24845421838569,Indian Restaurant
Nungambakkam,13.0620626,80.240487,Hotel Raaj Bhavan,13.064070149346412,80.24352538204099,Indian Restaurant
Nungambakkam,13.0620626,80.240487,WangS Kitchen,13.065685897591141,80.24302860147793,Chinese Restaurant
Nungambakkam,13.0620626,80.240487,Breadz & Puffz,13.059248926487383,80.2406292991356,Bakery
Nungambakkam,13.0620626,80.240487,KFC,13.061884433438216,80.24551513706616,Fast Food Restaurant
Nungambakkam,13.0620626,80.240487,Crispy Cafe,13.064846,80.239009,Café
Nungambakkam,13.0620626,80.240487,Shanghai Annachi,13.0600086967251,80.24756644648689,Chinese Restaurant
Nungambakkam,13.0620626,80.240487,Southern Spice,13.058325441420122,80.24732049000859,South Indian Restaurant
Nungambakkam,13.0620626,80.240487,Quality Inn Aruna,13.065743563620453,80.24245893149731,Indian Restaurant
Nungambakkam,13.0620626,80.240487,NRC,13.064401252555848,80.23661594961426,Asian Restaurant
Nungambakkam,13.0620626,80.240487,French Loaf,13.055821039417195,80.23475896250214,Bakery
Nungambakkam,13.0620626,80.240487,Yoko Sizzlers,13.060840527739686,80.24867906480596,Steakhouse
Nungambakkam,13.0620626,80.240487,SIMAR - Northwest Frontier Cuisine,13.06082550195645,80.24864612741383,Indian Restaurant
Nungambakkam,13.0620626,80.240487,Dhaba Express,13.061163780133134,80.24766324546941,Indian Restaurant
Nungambakkam,13.0620626,80.240487,"Café Coffee Day, Lady Andal School",13.067910701145962,80.23824962902144,Café
Nungambakkam,13.0620626,80.240487,Indiska Magic,13.069328308105469,80.2411880493164,Chaat Place
Nungambakkam,13.0620626,80.240487,Kappa Chakka Kandhari,13.063702,80.247786,Kerala Restaurant
Nungambakkam,13.0620626,80.240487,Prego,13.058315681400455,80.24751199698846,Italian Restaurant
Nungambakkam,13.0620626,80.240487,Tea Lounge @ Taj Coromandel,13.058296314976877,80.24754466669172,Café
Nungambakkam,13.0620626,80.240487,Desi Klub,13.069248,80.237039,Indian Restaurant
Nungambakkam,13.0620626,80.240487,Jasmine Tea Stall,13.055250712557523,80.23545601816296,Cafeteria
Nungambakkam,13.0620626,80.240487,Saravana Mess,13.054053584228644,80.23774969315136,South Indian Restaurant
Nungambakkam,13.0620626,80.240487,Dhabba Express,13.055112893601768,80.23510204531749,Restaurant
Nungambakkam,13.0620626,80.240487,PitStop,13.070317233151911,80.23746002123103,Burger Joint
Nungambakkam,13.0620626,80.240487,Blitzz Cafe,13.053234532262831,80.24110849237422,Café
"Padi, Chennai",13.1035851,80.1920425,Cafe Coffee Day,13.097139527516473,80.19317877061204,Café
"Padi, Chennai",13.1035851,80.1920425,Coffee Day-Park Road,13.097260124678687,80.19314855661999,Café
"Padi, Chennai",13.1035851,80.1920425,Hotel Crescent,13.097044639563695,80.18974321893697,Kerala Restaurant
"Padi, Chennai",13.1035851,80.1920425,Step 'n' Pluto,13.097411,80.195492,Snack Place
Pallikaranai,12.9304748,80.2077692,Veggie,12.929430127551882,80.20274815277499,Snack Place
Pallikaranai,12.9304748,80.2077692,bismi biryani,12.923244992820141,80.208163112076,Indian Restaurant
Pattaravakkam,13.1143904,80.1663975,Domino's Pizza,13.113616,80.166638,Pizza Place
Pattaravakkam,13.1143904,80.1663975,hotel yamuna,13.113399,80.168293,Indian Chinese Restaurant
Pattaravakkam,13.1143904,80.1663975,sri sai juices,13.117951141929938,80.16651791926323,Food Court
Perambur,13.1121242,80.245022,Wangs Kitchen,13.115748735898176,80.2459220562305,Chinese Restaurant
Perambur,13.1121242,80.245022,A2b,13.108271230714859,80.24534487858652,Restaurant
Perambur,13.1121242,80.245022,Hotel Sangeetha Restaurant,13.108143037062964,80.24466532852009,Vegetarian / Vegan Restaurant
Perambur,13.1121242,80.245022,McRennett,13.10819548016498,80.24613441305522,Bakery
Perambur,13.1121242,80.245022,Hyderabad Mughal Briyani,13.108074265984362,80.24749566213211,Asian Restaurant
Perambur,13.1121242,80.245022,Adyar Ananda Bhavan,13.10842059704992,80.24180549589394,Indian Restaurant
Perambur,13.1121242,80.245022,Ajantha cafe pizza,13.111887224697824,80.23763428013321,Pizza Place
Perambur,13.1121242,80.245022,Sri Srinivasa Sweets,13.11911806908466,80.24140254143182,Snack Place
Perungudi,12.9710239,80.2418051,Paradise,12.972836847748365,80.2500348526404,Indian Restaurant
Perungudi,12.9710239,80.2418051,Junior Kuppanna,12.969383,80.24877,South Indian Restaurant
Perungudi,12.9710239,80.2418051,Domino's Pizza,12.971647031000893,80.2441741760286,Pizza Place
Perungudi,12.9710239,80.2418051,Donut House,12.971455013869003,80.24970676450758,Donut Shop
Perungudi,12.9710239,80.2418051,Nalas,12.971999179155505,80.24489837998077,Indian Restaurant
Perungudi,12.9710239,80.2418051,Gourmet Food Court,12.970537481997914,80.24426674379544,Food Court
Perungudi,12.9710239,80.2418051,Hotel Saravana Bhavan,12.967446334417653,80.24817428335251,Indian Restaurant
Perungudi,12.9710239,80.2418051,KFC,12.972738338156278,80.24465944777825,Fast Food Restaurant
Perungudi,12.9710239,80.2418051,Sea Shell OMR,12.972962936498552,80.2501280156524,Middle Eastern Restaurant
Perungudi,12.9710239,80.2418051,The Bay,12.97377026770808,80.2429435596551,Indian Restaurant
Perungudi,12.9710239,80.2418051,Cup O' Cafe,12.973115543789891,80.24399448536947,Café
Perungudi,12.9710239,80.2418051,Sher-e-punjab,12.971629671977142,80.24481125802774,Indian Restaurant
Perungudi,12.9710239,80.2418051,CHAA,12.972001460966622,80.24481125802774,Indian Restaurant
Perungudi,12.9710239,80.2418051,Bread & Beyond,12.969080797488557,80.24548100574303,Sandwich Place
Perungudi,12.9710239,80.2418051,Lucky Da - Punjabi Dhaba,12.976091993380106,80.24376578761687,Indian Restaurant
Perungudi,12.9710239,80.2418051,Subway,12.972021703503282,80.24988175854998,Sandwich Place
Perungudi,12.9710239,80.2418051,Hot Pot China,12.963849910237254,80.24644504318545,Chinese Restaurant
Perungudi,12.9710239,80.2418051,Moon light,12.966629579867757,80.24873165737954,Asian Restaurant
Perungudi,12.9710239,80.2418051,Hot Pot China,12.963913656471464,80.24635221437477,Chinese Restaurant
Poonamallee,13.0763388,80.2011935,Hot Chips,13.085139562369374,80.20307978802975,Indian Restaurant
Poonamallee,13.0763388,80.2011935,Sangeetha Veg Fast Foods,13.07179509675003,80.20288107937937,Vegetarian / Vegan Restaurant
Poonamallee,13.0763388,80.2011935,Zameendar Multicuisine Restaurant,13.082727472168346,80.20393032113724,Indian Restaurant
Poonamallee,13.0763388,80.2011935,A2B Vegetarian Restaurant,13.070735533833755,80.20396845532754,Vegetarian / Vegan Restaurant
Poonamallee,13.0763388,80.2011935,Aasife Biriyani,13.07263,80.20153,South Indian Restaurant
Poonamallee,13.0763388,80.2011935,Planet Yumm International Food Mall,13.071530136651418,80.20293937094591,Food Court
Poonamallee,13.0763388,80.2011935,Adyar Ananda Bhavan,13.071115793262697,80.20356395960188,Fast Food Restaurant
Poonamallee,13.0763388,80.2011935,KFC,13.072054678272828,80.20249018428453,Fast Food Restaurant
Poonamallee,13.0763388,80.2011935,The French Loaf,13.071579010664061,80.20262285286309,Bakery
Poonamallee,13.0763388,80.2011935,Wangs Kitchen,13.071473065266138,80.20338714122772,Chinese Restaurant
Poonamallee,13.0763388,80.2011935,Saravana Bhavan,13.071276,80.203217,South Indian Restaurant
Poonamallee,13.0763388,80.2011935,Taco Bell,13.080635,80.197511,Taco Place
Poonamallee,13.0763388,80.2011935,Marrybrown,13.071211794180261,80.20387530326843,Burger Joint
Puzhal,13.1636492,80.2038067,babji masala cafe,13.166860070450808,80.20416457375092,Sandwich Place
Puzhal,13.1636492,80.2038067,Hotel New DHARBAR,13.169634,80.20005,Restaurant
Ramapuram,13.0298609,80.1780333,Velidis Andhra Restaurant,13.024749217143963,80.17686292317131,Andhra Restaurant
Ramapuram,13.0298609,80.1780333,Tossup,13.025493682071467,80.1754611154533,Italian Restaurant
Ramapuram,13.0298609,80.1780333,Madurai Alagappar Hotel,13.025859869152523,80.1757335930328,Asian Restaurant
Ramapuram,13.0298609,80.1780333,Wangs Kitchen,13.021889269637242,80.17391342632135,Chinese Restaurant
Ramapuram,13.0298609,80.1780333,Cafe Coffee Day,13.023190280251502,80.17404476299842,Café
Ramapuram,13.0298609,80.1780333,srm sun canteen,13.032854454618551,80.1788506747203,Breakfast Spot
Ramapuram,13.0298609,80.1780333,"Kumarakom, Porur",13.0252488907434,80.17653406655049,Indian Restaurant
Ramapuram,13.0298609,80.1780333,Clave Oven,13.031619258110716,80.18146087067116,Bakery
Ramapuram,13.0298609,80.1780333,Subway,13.022332282451156,80.17424585487146,Sandwich Place
Ramapuram,13.0298609,80.1780333,The Pasta Spoon,13.022037065736491,80.17415321097924,Italian Restaurant
Ramapuram,13.0298609,80.1780333,Oven Fresh,13.022492269829703,80.17415866062274,Bakery
Ramapuram,13.0298609,80.1780333,hotel faizal,13.023161568234084,80.17478536730742,Indian Restaurant
Ramapuram,13.0298609,80.1780333,Paradise,13.028742,80.170216,Hyderabadi Restaurant
Ramapuram,13.0298609,80.1780333,Veg Nation,13.022513300249889,80.17409871452516,Asian Restaurant
Ramapuram,13.0298609,80.1780333,Atchayam Food Box,13.022344437829595,80.17407691593378,Indian Restaurant
Ramapuram,13.0298609,80.1780333,Vegination,13.021760086510655,80.17430035123172,Food Court
Ramapuram,13.0298609,80.1780333,Waterside Restaurant,13.021246,80.180693,Buffet
Royapettah,13.0554718,80.2639706,Krispy Kreme Doughnuts,13.059019182618115,80.26405141505771,Donut Shop
Royapettah,13.0554718,80.2639706,Amethyst,13.057336821056285,80.2594437245671,Café
Royapettah,13.0554718,80.2639706,Rajdhani,13.058359061805403,80.2650268841361,Rajasthani Restaurant
Royapettah,13.0554718,80.2639706,Charminar Briyani And Tandoori Center,13.053375858057706,80.26984654423033,Hyderabadi Restaurant
Royapettah,13.0554718,80.2639706,Zaitoon,13.058644398384429,80.2652899701296,Middle Eastern Restaurant
Royapettah,13.0554718,80.2639706,Subway,13.058682286628406,80.26423097855853,Sandwich Place
Royapettah,13.0554718,80.2639706,ID,13.055487645057035,80.25787569596562,Indian Restaurant
Royapettah,13.0554718,80.2639706,Saravana Bhavan,13.061507911157046,80.26221305305216,Indian Restaurant
Royapettah,13.0554718,80.2639706,Arabian Hut,13.058295007444745,80.2648905018461,Middle Eastern Restaurant
Royapettah,13.0554718,80.2639706,Kobe Sizzlers,13.058676724584554,80.26486017189454,Steakhouse
Royapettah,13.0554718,80.2639706,The Club House,13.061536162996498,80.2640720200807,Breakfast Spot
Royapettah,13.0554718,80.2639706,Ecstasy,13.055656095263966,80.2582577147769,Bakery
Royapettah,13.0554718,80.2639706,Apoorva Sangeetha,13.056380676057069,80.25536826650423,Indian Restaurant
Royapettah,13.0554718,80.2639706,Hotel Saravana Bhavan,13.054526095174122,80.2562029255469,Indian Restaurant
Royapettah,13.0554718,80.2639706,Sea Shell Family Restaurant,13.057126653918253,80.25506852281758,Middle Eastern Restaurant
Royapettah,13.0554718,80.2639706,Writer's Cafe,13.054464837472517,80.25735092163427,Café
Royapettah,13.0554718,80.2639706,Pizza Hut,13.061573850564935,80.26112872790553,Pizza Place
Royapettah,13.0554718,80.2639706,Seashell,13.057073450359988,80.25504747532955,Middle Eastern Restaurant
Royapettah,13.0554718,80.2639706,Burger King,13.058638088400079,80.26413189258822,Fast Food Restaurant
Royapettah,13.0554718,80.2639706,Kozhi Idly,13.04745066388697,80.26541855229493,Indian Restaurant
Royapettah,13.0554718,80.2639706,Charminar,13.048581281005424,80.26042099489048,Indian Restaurant
Royapettah,13.0554718,80.2639706,Jalpaan,13.05754263142485,80.25533079261477,Vegetarian / Vegan Restaurant
Royapettah,13.0554718,80.2639706,Subway,13.0498455760432,80.25695846203973,Sandwich Place
Royapettah,13.0554718,80.2639706,Blûr Café,13.055486980938456,80.25781643903991,Café
Royapettah,13.0554718,80.2639706,French Loaf,13.055051338743384,80.25779779440023,Bakery
Royapettah,13.0554718,80.2639706,Dine,13.058650945672792,80.26387334906688,American Restaurant
Royapettah,13.0554718,80.2639706,Cafe Coffee Day,13.058725821267464,80.26414950882109,Café
Royapettah,13.0554718,80.2639706,Food Court,13.058663174005787,80.26417961495503,Food Court
Royapettah,13.0554718,80.2639706,McDonald's,13.06173,80.26219,Fast Food Restaurant
Royapettah,13.0554718,80.2639706,Pizza Hut,13.058776651241287,80.26444955003943,Pizza Place
Royapettah,13.0554718,80.2639706,Hotel Ponnusamy,13.049504137234935,80.26219687704334,Indian Restaurant
Royapettah,13.0554718,80.2639706,KFC,13.061599931152552,80.2621203218954,Fast Food Restaurant
Royapettah,13.0554718,80.2639706,Cafe Amin,13.051824285540713,80.26415394767048,Indian Restaurant
Royapettah,13.0554718,80.2639706,Hotel Safari,13.053825282274392,80.2639541569644,Indian Restaurant
Royapettah,13.0554718,80.2639706,Wangs Kitchen,13.054777086867453,80.25806910119131,Chinese Restaurant
Royapettah,13.0554718,80.2639706,Kefi,13.061487229290906,80.26379874233466,Mediterranean Restaurant
Royapettah,13.0554718,80.2639706,Cafe Coffee Day,13.049740699798711,80.25726933354777,Café
Royapettah,13.0554718,80.2639706,Dine,13.058732561969604,80.26428079008643,Restaurant
Royapettah,13.0554718,80.2639706,CCD -Express Avenue,13.059250824274875,80.26407936647668,Café
Royapettah,13.0554718,80.2639706,Aasife Biriyani Center,13.059358146947256,80.26552742826019,Indian Restaurant
Royapettah,13.0554718,80.2639706,Triplicane Ratna Cafe,13.053843708970168,80.26968638535222,Indian Restaurant
Royapettah,13.0554718,80.2639706,Beyond Indus,13.061388429401088,80.26409569813855,Indian Restaurant
Royapettah,13.0554718,80.2639706,Hotel Sennthur,13.061785271537987,80.26308857310102,Indian Restaurant
Royapettah,13.0554718,80.2639706,"Subway, Spencer Plaza",13.061146485217787,80.26077486213677,Sandwich Place
Royapettah,13.0554718,80.2639706,Lamcy cafe,13.058715,80.269868,Café
Royapettah,13.0554718,80.2639706,The Club House,13.06218274861925,80.26258228410116,Breakfast Spot
Royapettah,13.0554718,80.2639706,The Raintree,13.062192916870117,80.26095581054688,Chettinad Restaurant
Royapettah,13.0554718,80.2639706,Wang's Kitchen,13.061916717367424,80.2600889027462,Chinese Restaurant
Royapettah,13.0554718,80.2639706,Hip Asia,13.062803956190614,80.26191267142293,Thai Restaurant
Royapettah,13.0554718,80.2639706,Kalpaka Restaurant,13.047026977163435,80.26082385902365,Indian Restaurant
Royapuram,13.1146195,80.2940279,Domino's Pizza,13.10942,80.291595,Pizza Place
Royapuram,13.1146195,80.2940279,Bakers Spring,13.113837121443545,80.29255986213684,Bakery
Royapuram,13.1146195,80.2940279,Pizza Corner,13.115436723454945,80.29260053297244,Pizza Place
Royapuram,13.1146195,80.2940279,Magic Kebab,13.109537,80.294464,Indian Restaurant
Royapuram,13.1146195,80.2940279,Athoman restaurants,13.117426,80.289045,Fast Food Restaurant
Royapuram,13.1146195,80.2940279,Adyar Ananda Bhavan,13.108313747484864,80.29152299961753,Indian Restaurant
Royapuram,13.1146195,80.2940279,Hotel Pandia's,13.107839298839668,80.29113292694092,Indian Restaurant
Saidapet,13.020817,80.2239536,Hot Breads,13.014779618936569,80.2242724866144,Bakery
Saidapet,13.020817,80.2239536,Wangs Kitchen,13.015265882179063,80.2249146221417,Chinese Restaurant
Saidapet,13.020817,80.2239536,Adyar Ananda Bhavan,13.015292746629676,80.22513364891849,Breakfast Spot
Saidapet,13.020817,80.2239536,Data Udipi,13.020142851307906,80.22486342347904,South Indian Restaurant
Saidapet,13.020817,80.2239536,Balajee Bhavan,13.020229547770963,80.22456931718797,Indian Restaurant
Saidapet,13.020817,80.2239536,Hotel Balaji Bhavan,13.022919692410845,80.22359984850874,Vegetarian / Vegan Restaurant
Saidapet,13.020817,80.2239536,Ponnusamy Hotel,13.013826884290419,80.22319058308287,Indian Restaurant
Saidapet,13.020817,80.2239536,Domino's Pizza,13.0134597265888,80.22258645595525,Pizza Place
Saidapet,13.020817,80.2239536,arabian delights,13.020465865360427,80.21943863273873,BBQ Joint
Saidapet,13.020817,80.2239536,Mari Hotel,13.0253681,80.2224344,Indian Restaurant
Saidapet,13.020817,80.2239536,Wangs Kitchen (CIT Nagar),13.023882917037737,80.22811486413839,Chinese Restaurant
Saidapet,13.020817,80.2239536,Chettinad Fast Food,13.015088488548257,80.22526100999649,Fast Food Restaurant
Saidapet,13.020817,80.2239536,"Stimulation, Checkers Hotel",13.013558,80.222706,Indian Restaurant
Saidapet,13.020817,80.2239536,Checkers Pub,13.01349134850855,80.22281555115482,Diner
Saidapet,13.020817,80.2239536,French Loaf,13.026503567844538,80.23101763658777,Bakery
St. Thomas Mount,12.9953587,80.1997148,Sukkkubai Beef Biryani Shop,12.998769171130256,80.20138073942545,Indian Restaurant
St. Thomas Mount,12.9953587,80.1997148,Pizza Republic,12.99098677891081,80.19861315843515,Pizza Place
St. Thomas Mount,12.9953587,80.1997148,The Grand Sweets & Snacks,13.00174582044825,80.19896728306215,Indian Restaurant
St. Thomas Mount,12.9953587,80.1997148,Asif Brothers Restaurant,13.001518503157444,80.19908466388792,Indian Restaurant
St. Thomas Mount,12.9953587,80.1997148,Loiee,12.992196715461018,80.19899997141512,Bakery
St. Thomas Mount,12.9953587,80.1997148,Pizza Hut,13.00158040509241,80.19846061198876,Pizza Place
St. Thomas Mount,12.9953587,80.1997148,The Great Kabab Factory,12.993796306738675,80.20170216525263,Kebab Restaurant
St. Thomas Mount,12.9953587,80.1997148,Thalapakattu Hotel,12.991978690124641,80.19893731868846,Asian Restaurant
St. Thomas Mount,12.9953587,80.1997148,Apoorva Restaurant,13.001583408085356,80.1989519603724,Breakfast Spot
St. Thomas Mount,12.9953587,80.1997148,Mulberry Tea Shop,12.996229232734644,80.19351360075396,Café
St. Thomas Mount,12.9953587,80.1997148,Marrybrown,13.003648327142372,80.2004709343275,Burger Joint
St. Thomas Mount,12.9953587,80.1997148,Noodle King,12.997698180624297,80.1913505552578,Chinese Restaurant
St. Thomas Mount,12.9953587,80.1997148,Faaso's,12.987600073066067,80.19584548761388,Burrito Place
T. Nagar,13.0294483,80.2309064,Pasta Bar Veneto,13.03477163181086,80.23521179798625,Italian Restaurant
T. Nagar,13.0294483,80.2309064,Dindigul Thalapakatti,13.033716049620322,80.23813436485027,South Indian Restaurant
T. Nagar,13.0294483,80.2309064,Buhari Hotel @ Nandanam,13.02690402544013,80.23302021025162,Indian Restaurant
T. Nagar,13.0294483,80.2309064,Mansuk's Sweets & Snacks-T Nagar,13.03767437912972,80.2332613627496,Snack Place
T. Nagar,13.0294483,80.2309064,Saravana Bhavan,13.036507347842312,80.23620477229629,Indian Restaurant
T. Nagar,13.0294483,80.2309064,Murugan Idly Shop,13.037802568325422,80.23016049090197,South Indian Restaurant
T. Nagar,13.0294483,80.2309064,Hotel Saravana Bhavan,13.036511913609774,80.23081662908346,Asian Restaurant
T. Nagar,13.0294483,80.2309064,Sri Krishna Sweets,13.03637615592189,80.23624873045266,Vegetarian / Vegan Restaurant
T. Nagar,13.0294483,80.2309064,Wang's Kitchen,13.026797456534156,80.23126815264045,Chinese Restaurant
T. Nagar,13.0294483,80.2309064,French Loaf,13.026503567844538,80.23101763658777,Bakery
T. Nagar,13.0294483,80.2309064,T.nagar Tea Centre,13.034385275363789,80.2303641129749,Café
T. Nagar,13.0294483,80.2309064,Wangs Kitchen (CIT Nagar),13.023882917037737,80.22811486413839,Chinese Restaurant
T. Nagar,13.0294483,80.2309064,Janatha Coffee Centre,13.030173950587724,80.23755804190749,Café
T. Nagar,13.0294483,80.2309064,Anjappar,13.035987688857846,80.23110477268983,Restaurant
T. Nagar,13.0294483,80.2309064,Hotel Saravana Bhavan on S.Usman Road,13.036237879874102,80.23090871633455,Indian Restaurant
T. Nagar,13.0294483,80.2309064,Desi Rasoi's Punjabi Dhaba,13.035729539608978,80.23669848403519,Indian Restaurant
T. Nagar,13.0294483,80.2309064,"RASSA RESTAURANT,KRISHNA SWEETS",13.036364010960225,80.23621297052972,Indian Restaurant
T. Nagar,13.0294483,80.2309064,BKR Restaurant,13.037524203223498,80.2312953826017,Indian Restaurant
Thiruvanmiyur,12.9858948,80.2644215,Burger Point,12.979456826303798,80.26466730432077,Burger Joint
Thiruvanmiyur,12.9858948,80.2644215,Domino's Pizza,12.993,80.266,Pizza Place
Thiruvanmiyur,12.9858948,80.2644215,Grand Sweets And Snacks,12.985451,80.262064,South Indian Restaurant
Thiruvanmiyur,12.9858948,80.2644215,Aasife & Brothers Biriyani Centre,12.989186629371808,80.25588109437088,Indian Restaurant
Thiruvanmiyur,12.9858948,80.2644215,Hot Chips,12.987971683300323,80.25586096566873,Indian Restaurant
Thiruvanmiyur,12.9858948,80.2644215,Domino's Pizza,12.989015303952035,80.25594580777992,Pizza Place
Thiruvanmiyur,12.9858948,80.2644215,Subway,12.982948,80.26099,American Restaurant
Thiruvanmiyur,12.9858948,80.2644215,Al Reef Restaurant,12.983137262230251,80.25987982749939,Middle Eastern Restaurant
Thiruvanmiyur,12.9858948,80.2644215,Delhi Chat's,12.979456826303798,80.26465641661999,Diner
Thiruvanmiyur,12.9858948,80.2644215,Food Fiesta,12.97939235091009,80.26466035871167,Indian Restaurant
Thiruvanmiyur,12.9858948,80.2644215,Olive-The Family Restaurant,12.979373419550704,80.26468388906413,Restaurant
Thiruvanmiyur,12.9858948,80.2644215,Pranavam,12.979277022889727,80.26465002397082,Vegetarian / Vegan Restaurant
Thiruvanmiyur,12.9858948,80.2644215,Bholenath,12.979275275435503,80.26470970759826,Asian Restaurant
Thiruvanmiyur,12.9858948,80.2644215,Tasty Bakes,12.979273592665066,80.26468418400783,Bakery
Thiruvanmiyur,12.9858948,80.2644215,Kaiyendhi Bhavan,12.979220656563278,80.26474351818699,Food Truck
Thiruvanmiyur,12.9858948,80.2644215,Adyar Bakery,12.987672582139977,80.25616902830647,Indian Sweet Shop
Thiruvanmiyur,12.9858948,80.2644215,Southern Spices,12.979273840830421,80.26465903108732,Indian Restaurant
Triplicane,13.0604285,80.2750704,Ratna cafe,13.058739850625004,80.2741698052978,Indian Restaurant
Triplicane,13.0604285,80.2750704,Kasi Vinayaga Mess,13.06075355981592,80.27700217013425,Indian Restaurant
Triplicane,13.0604285,80.2750704,A2B Triplicane,13.058265298288847,80.27652862284992,Vegetarian / Vegan Restaurant
Triplicane,13.0604285,80.2750704,Nair Mess,13.064454532787801,80.27756034842496,Indian Restaurant
Triplicane,13.0604285,80.2750704,Mathura (woodland group),13.06663975831118,80.2690028648549,Indian Restaurant
Triplicane,13.0604285,80.2750704,Charminar Briyani And Tandoori Center,13.053375858057706,80.26984654423033,Hyderabadi Restaurant
Triplicane,13.0604285,80.2750704,Hotel Buhari,13.066346496511311,80.26845139186635,Indian Restaurant
Triplicane,13.0604285,80.2750704,Hotel Sangam,13.066092528425685,80.26822041419663,Indian Restaurant
Triplicane,13.0604285,80.2750704,Hotel Saravana Bhavan,13.068072337369237,80.27122564026403,Indian Restaurant
Triplicane,13.0604285,80.2750704,Sea Lord Hotel,13.058800642210604,80.2740846412886,Middle Eastern Restaurant
Triplicane,13.0604285,80.2750704,Thalappakatti,13.06589018901738,80.268036957869,Indian Restaurant
Triplicane,13.0604285,80.2750704,Anjappar Chettinad,13.06412616723193,80.27824862100708,Indian Restaurant
Triplicane,13.0604285,80.2750704,Lamcy cafe,13.058715,80.269868,Café
Triplicane,13.0604285,80.2750704,Sangeetha restuarant,13.05505876683202,80.2773178668515,Vegetarian / Vegan Restaurant
Triplicane,13.0604285,80.2750704,Hotel Safari,13.053889769409574,80.27479770333443,Indian Restaurant
Triplicane,13.0604285,80.2750704,Sundari Akka Fish Stall,13.06055,80.283323,Seafood Restaurant
Triplicane,13.0604285,80.2750704,Triplicane Ratna Cafe,13.053843708970168,80.26968638535222,Indian Restaurant
Triplicane,13.0604285,80.2750704,Coffee House,13.066287,80.268694,Cafeteria
Vadapalani,13.0509304,80.2120661,Barbeque Nation,13.052679566222576,80.21255043668754,BBQ Joint
Vadapalani,13.0509304,80.2120661,Hotel Saravana Bhavan,13.050776183469756,80.21374095613845,South Indian Restaurant
Vadapalani,13.0509304,80.2120661,Mithai Mandir,13.051001690543732,80.2135668328937,Vegetarian / Vegan Restaurant
Vadapalani,13.0509304,80.2120661,The Pasta Bar Veneto,13.0509538631954,80.20948713192765,Italian Restaurant
Vadapalani,13.0509304,80.2120661,"Cream Centre, Vijaya Forum Mall",13.050967678939717,80.20954745413444,Restaurant
Vadapalani,13.0509304,80.2120661,Murugan Idli Shop,13.048335728244856,80.20501304564671,Indian Restaurant
Vadapalani,13.0509304,80.2120661,Wangs Kitchen,13.04454102062876,80.21797780163044,Chinese Restaurant
Vadapalani,13.0509304,80.2120661,Simran's Aapa Kadai,13.050042516602714,80.21171452408193,Asian Restaurant
Vadapalani,13.0509304,80.2120661,The French Loaf,13.044630261913046,80.2180128156964,Bakery
Vadapalani,13.0509304,80.2120661,Domino's Pizza,13.047902832834616,80.21430219184239,Pizza Place
Vadapalani,13.0509304,80.2120661,McDonald's,13.050237272251906,80.20951543626747,Fast Food Restaurant
Vadapalani,13.0509304,80.2120661,Salt Restaurant,13.051065222967939,80.20939595205341,Indian Restaurant
Vadapalani,13.0509304,80.2120661,KFC,13.050952633306286,80.20949369064084,Fast Food Restaurant
Vadapalani,13.0509304,80.2120661,Domino's Pizza,13.054,80.207,Pizza Place
Vadapalani,13.0509304,80.2120661,Café Coffee Day,13.050958454451267,80.20950935332662,Café
Vadapalani,13.0509304,80.2120661,ID,13.050242923712302,80.20951475535155,Indian Restaurant
Vadapalani,13.0509304,80.2120661,Copper kitchen,13.05068094994264,80.2039144126845,Indian Restaurant
Vadapalani,13.0509304,80.2120661,Buhari Hotel Ashok Nagar,13.0424716009321,80.21241024564765,Indian Restaurant
Vadapalani,13.0509304,80.2120661,Hotel Pandia's,13.049657343171074,80.21100119774286,Indian Restaurant
Vadapalani,13.0509304,80.2120661,Chennai Coffee Chat,13.052183975628582,80.21069070161482,Bakery
Vadapalani,13.0509304,80.2120661,Hotel Sri Krishna Prasad,13.049695384920184,80.21053817678646,Vegetarian / Vegan Restaurant
Vadapalani,13.0509304,80.2120661,Gokulams Sri Krishna Sweets,13.049540244096185,80.21020044226584,Indian Restaurant
Vadapalani,13.0509304,80.2120661,VIA SOUTH Food Court,13.05098781234369,80.20950136385264,Food Court
Vadapalani,13.0509304,80.2120661,Burger King,13.05097971101158,80.20949420748401,Fast Food Restaurant
Vadapalani,13.0509304,80.2120661,pandikadai,13.050841493179135,80.20937788968557,Indian Restaurant
Vadapalani,13.0509304,80.2120661,food court @forum mall,13.050018,80.209526,Comfort Food Restaurant
Vadapalani,13.0509304,80.2120661,Kumar Mess,13.044609522150711,80.21243382311037,South Indian Restaurant
Vadapalani,13.0509304,80.2120661,Kaalan Kadai,13.056107807254843,80.21145332165936,Deli / Bodega
Vadapalani,13.0509304,80.2120661,"Cafe Coffee Day, The Forum Vijaya Mall",13.045879590517204,80.20978644328457,Café
Vadapalani,13.0509304,80.2120661,Madurai Kumar Mess,13.044725,80.21268,Asian Restaurant
Vadapalani,13.0509304,80.2120661,Mast Kalandar,13.043777658365412,80.21745871577392,Indian Restaurant
Vadapalani,13.0509304,80.2120661,The Waterfall Restaurant,13.054617,80.2058,Andhra Restaurant
Vadapalani,13.0509304,80.2120661,Hotel Akshaya,13.045745225207197,80.21768206704779,Indian Restaurant
Vadapalani,13.0509304,80.2120661,Saravana cafe park,13.054417924096224,80.21937871846002,Café
Vadapalani,13.0509304,80.2120661,Arab Street,13.045532,80.21843,Falafel Restaurant
Vadapalani,13.0509304,80.2120661,Velu Military,13.04554,80.218491,Indian Restaurant
Valmiki Nagar,12.9804404,80.2645577,Burger Point,12.979456826303798,80.26466730432077,Burger Joint
Valmiki Nagar,12.9804404,80.2645577,Bella Ciao Italian Restorante,12.972192515299032,80.26467782415418,Italian Restaurant
Valmiki Nagar,12.9804404,80.2645577,Delhi Chat's,12.979456826303798,80.26465641661999,Diner
Valmiki Nagar,12.9804404,80.2645577,Tasty Bakes,12.979273592665066,80.26468418400783,Bakery
Valmiki Nagar,12.9804404,80.2645577,Kaiyendhi Bhavan,12.979220656563278,80.26474351818699,Food Truck
Valmiki Nagar,12.9804404,80.2645577,Olive-The Family Restaurant,12.979373419550704,80.26468388906413,Restaurant
Valmiki Nagar,12.9804404,80.2645577,Subway,12.982948,80.26099,American Restaurant
Valmiki Nagar,12.9804404,80.2645577,Al Reef Restaurant,12.983137262230251,80.25987982749939,Middle Eastern Restaurant
Valmiki Nagar,12.9804404,80.2645577,Grand Sweets And Snacks,12.985451,80.262064,South Indian Restaurant
Valmiki Nagar,12.9804404,80.2645577,Food Corner,12.97455876748831,80.26153703272576,Indian Restaurant
Valmiki Nagar,12.9804404,80.2645577,WOSS - World of Subs & Salads,12.975952045919982,80.25885249987589,Salad Place
Valmiki Nagar,12.9804404,80.2645577,Food Corner Kudil,12.975660712400623,80.2588802941218,Chinese Restaurant
Valmiki Nagar,12.9804404,80.2645577,Chettinad Treat,12.975618697424984,80.25881496343494,Indian Restaurant
Valmiki Nagar,12.9804404,80.2645577,café Rio,12.97309734451051,80.26569618572982,Café
Velachery,12.980165450000001,80.22285056225584,Star Briyani,12.978002681177063,80.22405735195898,Indian Restaurant
Velachery,12.980165450000001,80.22285056225584,Dindigul Thalappakatti,12.977430806587972,80.21957170091156,Indian Restaurant
Velachery,12.980165450000001,80.22285056225584,Andhi Kadai,12.982532470934007,80.22466204618253,Indian Restaurant
Velachery,12.980165450000001,80.22285056225584,Pind,12.975746325319161,80.22205748312943,Indian Restaurant
Velachery,12.980165450000001,80.22285056225584,Parfait 3,12.979272013519594,80.22664105039881,Italian Restaurant
Velachery,12.980165450000001,80.22285056225584,Kebab Court,12.978651113001522,80.219188081838,Indian Restaurant
Velachery,12.980165450000001,80.22285056225584,Subway,12.98744893074841,80.21836208714997,Sandwich Place
Velachery,12.980165450000001,80.22285056225584,Subway - Velachery,12.98741166281699,80.21846365877947,Sandwich Place
Velachery,12.980165450000001,80.22285056225584,Peaches,12.985400697450379,80.21802599018375,Vegetarian / Vegan Restaurant
Velachery,12.980165450000001,80.22285056225584,Pizza Empire,12.984230748212887,80.21798433787713,Pizza Place
Velachery,12.980165450000001,80.22285056225584,Murugan Idly Kadai,12.978700357513091,80.21930671795191,Restaurant
Velachery,12.980165450000001,80.22285056225584,Mast Kalandar,12.98471496807116,80.21782093240705,Indian Restaurant
Velachery,12.980165450000001,80.22285056225584,Coal Barbecue,12.986020099389737,80.21807405657898,BBQ Joint
Velachery,12.980165450000001,80.22285056225584,ganga sweets,12.976020232530235,80.22152471263996,Fast Food Restaurant
Velachery,12.980165450000001,80.22285056225584,Domino's Pizza,12.976,80.221,Pizza Place
Velachery,12.980165450000001,80.22285056225584,Hotel Milan,12.97546019976062,80.22064780280124,Restaurant
Velachery,12.980165450000001,80.22285056225584,McDonald's,12.97230240233985,80.2196723962063,Fast Food Restaurant
Velachery,12.980165450000001,80.22285056225584,Amaravathi,12.978691025189399,80.21907513300248,Indian Restaurant
Velachery,12.980165450000001,80.22285056225584,Zaitoon Multi Cuisine Restaurant,12.973125354210852,80.21972166521186,Indian Restaurant
Velachery,12.980165450000001,80.22285056225584,Domino's Pizza,12.984,80.215,Pizza Place
Velachery,12.980165450000001,80.22285056225584,Buhari Restaurant,12.97929845997742,80.22657891619338,Restaurant
Velachery,12.980165450000001,80.22285056225584,Wang's Kitchen,12.977694293449877,80.22387217228747,Chinese Restaurant
Velachery,12.980165450000001,80.22285056225584,Adayar Anandha Bhavan,12.973118705953745,80.21986962112207,Indian Restaurant
Velachery,12.980165450000001,80.22285056225584,simran Aapa Kadai,12.98104344608113,80.2181556862719,Indian Restaurant
Velachery,12.980165450000001,80.22285056225584,Bhatinda Express,12.978758252504164,80.22556600661306,Indian Restaurant
Velachery,12.980165450000001,80.22285056225584,KFC Velachery,12.976707959332748,80.22130987354748,Fast Food Restaurant
Velachery,12.980165450000001,80.22285056225584,White Pepper,12.979373753666067,80.21849310094836,Chinese Restaurant
Velachery,12.980165450000001,80.22285056225584,Pind Pure Punjabi,12.975786859869732,80.22208104387678,Indian Restaurant
Velachery,12.980165450000001,80.22285056225584,Kumarakom,12.972155501368913,80.2193373490217,Kerala Restaurant
Velachery,12.980165450000001,80.22285056225584,Spice Masters Veg Restaurant,12.978369770789444,80.21933514439124,Fast Food Restaurant
Velachery,12.980165450000001,80.22285056225584,Karaikuddi,12.976968733931978,80.22519565343634,Indian Restaurant
Velachery,12.980165450000001,80.22285056225584,The Grand Sweets & Snacks,12.979477407791604,80.22690035394929,Indian Restaurant
Velachery,12.980165450000001,80.22285056225584,KFC,12.97259991305719,80.21939489361446,Fast Food Restaurant
Velachery,12.980165450000001,80.22285056225584,A2B Velachery,12.973159013837058,80.2199518361359,Vegetarian / Vegan Restaurant
Velachery,12.980165450000001,80.22285056225584,chocoman's,12.980327502501543,80.22827280365061,Café
Velachery,12.980165450000001,80.22285056225584,Tadka Talk,12.981175,80.23134,Indian Restaurant
Velachery,12.980165450000001,80.22285056225584,Cake World,12.974904813326622,80.22053886926565,Bakery
Velachery,12.980165450000001,80.22285056225584,Jalapeno Multicuisine,12.98134302680913,80.23055472454769,Restaurant
Velachery,12.980165450000001,80.22285056225584,"Mr. Papdi - U , Me & Snacks",12.97202632467222,80.22111621541497,Snack Place
Velachery,12.980165450000001,80.22285056225584,Orange Wok,12.98729370418572,80.21827302010756,Chinese Restaurant
Velachery,12.980165450000001,80.22285056225584,Aki Bay Japanese Ramen Restaurant,12.97205787797038,80.22047895576164,Ramen Restaurant
Velachery,12.980165450000001,80.22285056225584,Savoury Sea Shell,12.972365146519076,80.2194382570554,Afghan Restaurant
Velachery,12.980165450000001,80.22285056225584,Barbeque Nation,12.97222983147372,80.21978046438808,BBQ Joint
Velachery,12.980165450000001,80.22285056225584,ABSOLUTE BARBECUES,12.981871721298463,80.23159216772035,BBQ Joint
Velachery,12.980165450000001,80.22285056225584,Guptha Bhavan,12.98776474277977,80.21830025422969,North Indian Restaurant
Villivakkam,13.1125875,80.2081378,Villivakkam chat shop,13.112177,80.213904,Fast Food Restaurant
Villivakkam,13.1125875,80.2081378,Kanchi Bakery,13.105286112454813,80.20788529054748,Bakery
Villivakkam,13.1125875,80.2081378,Vasanta Bhavan,13.104902282004092,80.20900201864377,Indian Restaurant
Villivakkam,13.1125875,80.2081378,Kebab Kadai,13.107937315968584,80.21491226254876,Food Truck
Vyasarpadi,13.1169726,80.2571242,jain chat shop,13.118373,80.259803,Sandwich Place
Vyasarpadi,13.1169726,80.2571242,Tufflers,13.119791030883789,80.26110076904297,Bakery
Vyasarpadi,13.1169726,80.2571242,Gig bakery,13.119791030883789,80.26110076904297,Bakery
Vyasarpadi,13.1169726,80.2571242,New Bakery,13.1215,80.252857,Bakery
Vyasarpadi,13.1169726,80.2571242,Dominoz,13.111972144055818,80.25239053335818,Pizza Place
Vyasarpadi,13.1169726,80.2571242,Shree Mithai,13.1093530959208,80.2570183498161,Snack Place
Washermanpet,13.1136296,80.2814813,Pandiyan,13.115856170654297,80.28338623046875,Indian Restaurant
Washermanpet,13.1136296,80.2814813,Adayar Ananda Bhavan,13.118110240209175,80.28448059989384,Vegetarian / Vegan Restaurant
Washermanpet,13.1136296,80.2814813,Idli Vilas,13.117964457967243,80.28502821922302,Vegetarian / Vegan Restaurant
Washermanpet,13.1136296,80.2814813,Royapuram Burmese Food Centre,13.109532,80.286949,Asian Restaurant
Washermanpet,13.1136296,80.2814813,Hotel Anand,13.105658125,80.28029875,Vegetarian / Vegan Restaurant
Washermanpet,13.1136296,80.2814813,Athoman restaurants,13.117426,80.289045,Fast Food Restaurant
